Member Id,Full name,E-mail address,Is Active
1,Malissa Arn,MalissaArn0202@gmail.com,1
2,Teri Villalobos,TeriVillalobos6990@gmail.com,1
3,Yesenia Conte,YeseniaConte8292@gmail.com,1
4,Meghann Followell,MeghannFollowell6036@gmail.com,1
5,Sherryl Mcfalls,SherrylMcfalls2534@gmail.com,0
6,Lee Harlow,LeeHarlow6738@gmail.com,1
7,Vada Shaeffer,VadaShaeffer8856@gmail.com,0
8,Salvatore Monico,SalvatoreMonico6748@gmail.com,1
9,Sunshine Focht,SunshineFocht0017@gmail.com,1
10,Joella Verne,JoellaVerne6703@gmail.com,0
11,Daina Maine,DainaMaine1358@gmail.com,1
12,Bettyann Kizer,BettyannKizer7813@gmail.com,0
13,Ora Housand,OraHousand6876@gmail.com,1
14,Tasia Merritt,TasiaMerritt2498@gmail.com,1
15,Florance Deibert,FloranceDeibert6798@gmail.com,0
16,Gregory Lucchesi,GregoryLucchesi4579@gmail.com,1
17,Albina Holaway,AlbinaHolaway6169@gmail.com,0
18,Drucilla Wilhelm,DrucillaWilhelm1088@gmail.com,1
19,Jaquelyn Levett,JaquelynLevett2862@gmail.com,1
20,Mariko Hadfield,MarikoHadfield9920@gmail.com,1
21,Janita Stroman,JanitaStroman5652@gmail.com,1
22,Margarito Derringer,MargaritoDerringer6053@gmail.com,1
23,Kathline Hornstein,KathlineHornstein7391@gmail.com,0
24,Sherita Arispe,SheritaArispe4106@gmail.com,1
25,Everett Northup,EverettNorthup7669@gmail.com,1
26,Eldora Simon,EldoraSimon8735@gmail.com,0
27,Micah Shirley,MicahShirley0805@gmail.com,1
28,Wilhelmina Hibdon,WilhelminaHibdon9677@gmail.com,1
29,Carolin Blauser,CarolinBlauser7632@gmail.com,1
30,Lyla Almanza,LylaAlmanza0199@gmail.com,1
31,Chere Gamino,ChereGamino1550@gmail.com,1
32,Fleta Giampaolo,FletaGiampaolo3754@gmail.com,1
33,Leeann Walberg,LeeannWalberg7273@gmail.com,0
34,Cleotilde Mcmiller,CleotildeMcmiller8058@gmail.com,1
35,Sarai Morelli,SaraiMorelli9034@gmail.com,1
36,Lashanda Abbott,LashandaAbbott9174@gmail.com,1
37,Jeffry Dynes,JeffryDynes1098@gmail.com,1
38,Bell Zapata,BellZapata1522@gmail.com,0
39,Vernice Soto,VerniceSoto3260@gmail.com,1
40,Elna Phelan,ElnaPhelan2540@gmail.com,1
41,Merlin Lafleur,MerlinLafleur3685@gmail.com,0
42,Temika Huth,TemikaHuth9411@gmail.com,1
43,Adrianna Fentress,AdriannaFentress5065@gmail.com,1
44,Tayna Rey,TaynaRey4852@gmail.com,1
45,Romeo Orloff,RomeoOrloff9708@gmail.com,0
46,Ike Clink,IkeClink7071@gmail.com,1
47,Gaynell Croce,GaynellCroce7702@gmail.com,1
48,Darlena Farrington,DarlenaFarrington7903@gmail.com,1
49,Cherryl Carolina,CherrylCarolina2273@gmail.com,1
50,Zoe Solar,ZoeSolar4260@gmail.com,1
51,Anjanette Krupp,AnjanetteKrupp7724@gmail.com,1
52,Janiece Silvernail,JanieceSilvernail2745@gmail.com,1
53,Ivey Buskey,IveyBuskey1353@gmail.com,1
54,Viola Blackstock,ViolaBlackstock8664@gmail.com,1
55,Elane Martinelli,ElaneMartinelli1121@gmail.com,1
56,Rachell Ankrom,RachellAnkrom0998@gmail.com,1
57,Kyla Kays,KylaKays1591@gmail.com,1
58,Alton Smedley,AltonSmedley5432@gmail.com,1
59,Voncile Hayner,VoncileHayner2281@gmail.com,1
60,Bebe Lehmkuhl,BebeLehmkuhl5703@gmail.com,1
61,Inell Ruoff,InellRuoff2731@gmail.com,1
62,Onita Holloway,OnitaHolloway7718@gmail.com,1
63,Norman Castilleja,NormanCastilleja4018@gmail.com,1
64,Delmar Tourville,DelmarTourville5884@gmail.com,1
65,Audry Berends,AudryBerends0895@gmail.com,1
66,Zoraida Faulkner,ZoraidaFaulkner5026@gmail.com,1
67,Kellee Maddy,KelleeMaddy6483@gmail.com,1
68,Florencio Muller,FlorencioMuller2772@gmail.com,1
69,Jo Dettman,JoDettman4460@gmail.com,1
70,Clare Chadd,ClareChadd9862@gmail.com,0
71,Rosanne Trezza,RosanneTrezza7663@gmail.com,1
72,Maryland Benedict,MarylandBenedict6434@gmail.com,1
73,Mirtha Conine,MirthaConine8554@gmail.com,1
74,Ross Millsap,RossMillsap9931@gmail.com,0
75,Perry Lumsden,PerryLumsden8073@gmail.com,0
76,Kristin Ponton,KristinPonton2734@gmail.com,1
77,Flossie Pangburn,FlossiePangburn4203@gmail.com,1
78,Yuko Steffes,YukoSteffes9115@gmail.com,1
79,Elbert Keeter,ElbertKeeter5209@gmail.com,0
80,Sherilyn Aldana,SherilynAldana1912@gmail.com,0
81,Denae Roig,DenaeRoig8272@gmail.com,0
82,Dixie Darsey,DixieDarsey7418@gmail.com,1
83,Quincy Polster,QuincyPolster9041@gmail.com,0
84,Tajuana Licon,TajuanaLicon1546@gmail.com,0
85,Kendrick Preston,KendrickPreston8153@gmail.com,1
86,Cari Pizzo,CariPizzo2637@gmail.com,1
87,Ellamae Tallon,EllamaeTallon2542@gmail.com,1
88,Christy Roe,ChristyRoe6022@gmail.com,0
89,Abbie Kreidler,AbbieKreidler2527@gmail.com,1
90,Teena Solari,TeenaSolari5298@gmail.com,0
91,Dustin Arterburn,DustinArterburn6055@gmail.com,1
92,Catrice Lenton,CatriceLenton4273@gmail.com,1
93,Laila Holdren,LailaHoldren0317@gmail.com,1
94,Yang Soriano,YangSoriano2861@gmail.com,1
95,Jon Shultis,JonShultis2071@gmail.com,1
96,Julian Clapper,JulianClapper5906@gmail.com,1
97,Howard Venema,HowardVenema9708@gmail.com,0
98,Myles Cooke,MylesCooke7867@gmail.com,1
99,Rheba Corbett,RhebaCorbett1709@gmail.com,1
100,Dannielle Gayden,DannielleGayden9096@gmail.com,0
101,Marcelle Herzog,MarcelleHerzog9009@gmail.com,1
102,Xochitl Calderwood,XochitlCalderwood5941@gmail.com,1
103,Teena Pierson,TeenaPierson6024@gmail.com,0
104,Leila Odle,LeilaOdle4383@gmail.com,1
105,Freda Michael,FredaMichael0022@gmail.com,0
106,Keith Migues,KeithMigues9617@gmail.com,0
107,Abby Peevy,AbbyPeevy0877@gmail.com,1
108,Elizbeth Merrow,ElizbethMerrow3516@gmail.com,0
109,Ivan Schissler,IvanSchissler0409@gmail.com,0
110,Jarvis Millar,JarvisMillar3472@gmail.com,1
111,Lekisha Hinnenkamp,LekishaHinnenkamp1017@gmail.com,1
112,Angelia Keebler,AngeliaKeebler0114@gmail.com,1
113,Clementina Gormley,ClementinaGormley2089@gmail.com,1
114,Joslyn Keen,JoslynKeen8547@gmail.com,1
115,Verla Bearse,VerlaBearse3879@gmail.com,1
116,Cassaundra Loar,CassaundraLoar9453@gmail.com,1
117,Ji Lamarche,JiLamarche1348@gmail.com,1
118,Kelsey Vanwagoner,KelseyVanwagoner0910@gmail.com,0
119,Adrianna Grise,AdriannaGrise0891@gmail.com,0
120,Lilliam Mcghie,LilliamMcghie9513@gmail.com,1
121,Alona Redel,AlonaRedel2262@gmail.com,1
122,Cori Mallery,CoriMallery1689@gmail.com,0
123,Eileen Seelye,EileenSeelye7237@gmail.com,0
124,Heidi Gravelle,HeidiGravelle3094@gmail.com,1
125,Buck Slawson,BuckSlawson5304@gmail.com,1
126,Lindsay Henline,LindsayHenline2766@gmail.com,1
127,Mimi Winsor,MimiWinsor6625@gmail.com,1
128,Maxine Clauson,MaxineClauson3939@gmail.com,1
129,Lena Galusha,LenaGalusha7687@gmail.com,1
130,Talisha Geise,TalishaGeise5594@gmail.com,1
131,Stacie Austria,StacieAustria9018@gmail.com,1
132,Georgia Cincotta,GeorgiaCincotta6796@gmail.com,1
133,Candis Gapinski,CandisGapinski6348@gmail.com,1
134,Cyrstal Robb,CyrstalRobb5332@gmail.com,1
135,Perla Jen,PerlaJen7822@gmail.com,0
136,Cornelia Laney,CorneliaLaney7638@gmail.com,1
137,Jere Routh,JereRouth3497@gmail.com,1
138,Beryl Meiser,BerylMeiser9961@gmail.com,0
139,Archie Branning,ArchieBranning7218@gmail.com,1
140,Tomi Athey,TomiAthey0697@gmail.com,1
141,Chet Maria,ChetMaria2700@gmail.com,0
142,Matha Beard,MathaBeard0636@gmail.com,1
143,Bud Mclarty,BudMclarty0075@gmail.com,1
144,Xenia Eastin,XeniaEastin1739@gmail.com,0
145,Marlana Gillard,MarlanaGillard2214@gmail.com,1
146,Elvis Leatherwood,ElvisLeatherwood1278@gmail.com,1
147,Hellen Macrae,HellenMacrae0712@gmail.com,1
148,Meaghan Macinnis,MeaghanMacinnis5645@gmail.com,1
149,Lezlie Luckey,LezlieLuckey7094@gmail.com,1
150,Mozelle Reddy,MozelleReddy3840@gmail.com,1
151,Olene Ledgerwood,OleneLedgerwood3654@gmail.com,1
152,Shanda Cromer,ShandaCromer4960@gmail.com,1
153,Venice Sherry,VeniceSherry5610@gmail.com,1
154,Ron Copher,RonCopher9843@gmail.com,1
155,Arminda Valentino,ArmindaValentino6586@gmail.com,1
156,Carolann Bronson,CarolannBronson4617@gmail.com,1
157,Charlyn Haggerty,CharlynHaggerty1577@gmail.com,1
158,Isaac Linebaugh,IsaacLinebaugh9546@gmail.com,1
159,Elba Farr,ElbaFarr1276@gmail.com,1
160,Angelika March,AngelikaMarch9925@gmail.com,1
161,Tyler Galbraith,TylerGalbraith9779@gmail.com,1
162,Letty Seeley,LettySeeley7371@gmail.com,0
163,Marylynn Chauvin,MarylynnChauvin4173@gmail.com,1
164,Luisa Ohm,LuisaOhm6420@gmail.com,1
165,Deon Vaden,DeonVaden0685@gmail.com,0
166,Bette Carlos,BetteCarlos5624@gmail.com,1
167,Rocco Blubaugh,RoccoBlubaugh1914@gmail.com,1
168,Alexandria Jantz,AlexandriaJantz3467@gmail.com,1
169,Eunice Banfield,EuniceBanfield3594@gmail.com,0
170,Kanisha Helwig,KanishaHelwig8223@gmail.com,0
171,Winston Hemby,WinstonHemby7253@gmail.com,1
172,Tami Jepson,TamiJepson8335@gmail.com,1
173,Anamaria Headrick,AnamariaHeadrick7903@gmail.com,1
174,Nereida Truman,NereidaTruman9016@gmail.com,1
175,Hipolito Rowlands,HipolitoRowlands4929@gmail.com,1
176,Porter Marcinkowski,PorterMarcinkowski6594@gmail.com,1
177,Bonny Forester,BonnyForester7950@gmail.com,1
178,Rutha Crotty,RuthaCrotty1764@gmail.com,1
179,Damion Wysocki,DamionWysocki9147@gmail.com,1
180,Colton Moschella,ColtonMoschella8698@gmail.com,1
181,Wayne Basler,WayneBasler6942@gmail.com,1
182,Joie Sly,JoieSly5758@gmail.com,1
183,Takisha Demo,TakishaDemo0463@gmail.com,1
184,Chas Arline,ChasArline0812@gmail.com,1
185,Laurel Gean,LaurelGean6262@gmail.com,0
186,Joya Bristol,JoyaBristol1484@gmail.com,1
187,Neida Vartanian,NeidaVartanian0848@gmail.com,1
188,Ruthie Buttry,RuthieButtry8658@gmail.com,0
189,Ellie Duca,EllieDuca1079@gmail.com,1
190,Adela Slusher,AdelaSlusher1773@gmail.com,1
191,Daniell Nicklas,DaniellNicklas8998@gmail.com,1
192,Abigail Jefferis,AbigailJefferis0743@gmail.com,0
193,Jammie Rapp,JammieRapp6294@gmail.com,1
194,Bess Hugo,BessHugo8379@gmail.com,1
195,Marlin Holm,MarlinHolm9186@gmail.com,1
196,Mignon Carnes,MignonCarnes1909@gmail.com,1
197,Carey Baley,CareyBaley9974@gmail.com,1
198,Dani Stroop,DaniStroop2632@gmail.com,1
199,Maddie Mccusker,MaddieMccusker6382@gmail.com,1
200,Herschel Sena,HerschelSena4741@gmail.com,1
201,Janeth Natal,JanethNatal6627@gmail.com,0
202,Ora Suddeth,OraSuddeth1307@gmail.com,1
203,Allan Choat,AllanChoat9156@gmail.com,0
204,Ted Broome,TedBroome1787@gmail.com,1
205,Birgit Mcglade,BirgitMcglade6409@gmail.com,1
206,Heidi Poplawski,HeidiPoplawski3633@gmail.com,1
207,Carmen Ireland,CarmenIreland5525@gmail.com,1
208,Nelia Abrams,NeliaAbrams8620@gmail.com,1
209,Adan Carden,AdanCarden9027@gmail.com,1
210,Earnest Barratt,EarnestBarratt5123@gmail.com,0
211,Leanna Mazer,LeannaMazer1235@gmail.com,1
212,Kesha Shoop,KeshaShoop3740@gmail.com,1
213,Rosalina Stinebaugh,RosalinaStinebaugh3935@gmail.com,0
214,Elza Aumick,ElzaAumick8395@gmail.com,1
215,Treva Pecor,TrevaPecor6241@gmail.com,0
216,Terence Grothe,TerenceGrothe7967@gmail.com,1
217,Markita Brymer,MarkitaBrymer7321@gmail.com,1
218,Jazmine Mccolley,JazmineMccolley4132@gmail.com,1
219,Abdul Recalde,AbdulRecalde4163@gmail.com,0
220,Alpha Hundley,AlphaHundley6257@gmail.com,1
221,Scot Hollis,ScotHollis8426@gmail.com,1
222,Nita Wegner,NitaWegner8619@gmail.com,0
223,Marcelina Koger,MarcelinaKoger3137@gmail.com,1
224,Naoma Whitman,NaomaWhitman5530@gmail.com,1
225,Fransisca Epp,FransiscaEpp0874@gmail.com,0
226,Ladawn Squillante,LadawnSquillante0701@gmail.com,0
227,Alfredia Semon,AlfrediaSemon0100@gmail.com,1
228,Miyoko Pinto,MiyokoPinto5432@gmail.com,1
229,Isaura Morton,IsauraMorton9001@gmail.com,1
230,Leia Amico,LeiaAmico4089@gmail.com,1
231,Robbin Mcsween,RobbinMcsween4568@gmail.com,0
232,Simon Polinsky,SimonPolinsky7978@gmail.com,1
233,Yulanda Marsden,YulandaMarsden6146@gmail.com,1
234,Chloe Florey,ChloeFlorey0182@gmail.com,1
235,Bernice Corcoran,BerniceCorcoran1154@gmail.com,1
236,Christine Parkinson,ChristineParkinson6954@gmail.com,1
237,Marlys Matteson,MarlysMatteson1945@gmail.com,1
238,Estella Lavallie,EstellaLavallie2298@gmail.com,1
239,Anastasia Acre,AnastasiaAcre0992@gmail.com,0
240,Maryann Przybyla,MaryannPrzybyla9924@gmail.com,0
241,Debbi Decoteau,DebbiDecoteau4603@gmail.com,0
242,Madie Bhatti,MadieBhatti9814@gmail.com,1
243,Delpha Tharrington,DelphaTharrington9888@gmail.com,1
244,Claretha Nurse,ClarethaNurse1469@gmail.com,0
245,Elwood Cortez,ElwoodCortez5872@gmail.com,1
246,Sanjuanita Brotzman,SanjuanitaBrotzman9707@gmail.com,1
247,Celeste Mahmood,CelesteMahmood5635@gmail.com,1
248,Flor Hallock,FlorHallock7282@gmail.com,1
249,Brigitte Rahm,BrigitteRahm2391@gmail.com,1
250,Corazon Bohan,CorazonBohan2879@gmail.com,1
251,Cynthia Gines,CynthiaGines6711@gmail.com,1
252,Noble Krom,NobleKrom2799@gmail.com,1
253,Rosalind Daniele,RosalindDaniele3014@gmail.com,1
254,Isaura Lindstrom,IsauraLindstrom7806@gmail.com,0
255,Margareta Ku,MargaretaKu9884@gmail.com,1
256,Sherrie Rivero,SherrieRivero5899@gmail.com,1
257,Shaina Hyde,ShainaHyde6270@gmail.com,0
258,Mandi Swartwood,MandiSwartwood6426@gmail.com,1
259,Ricky Latimer,RickyLatimer5417@gmail.com,1
260,Clara Villegas,ClaraVillegas9775@gmail.com,1
261,Tyrone Antonio,TyroneAntonio7136@gmail.com,1
262,Odilia Markert,OdiliaMarkert3835@gmail.com,0
263,King Goo,KingGoo5864@gmail.com,0
264,Eula See,EulaSee0951@gmail.com,0
265,Debroah Yi,DebroahYi4489@gmail.com,0
266,Noah Deppen,NoahDeppen5278@gmail.com,1
267,Avril Albarado,AvrilAlbarado0848@gmail.com,0
268,Nelle Goodlow,NelleGoodlow2877@gmail.com,1
269,Yesenia Tillett,YeseniaTillett4254@gmail.com,1
270,Clemmie Commander,ClemmieCommander3389@gmail.com,0
271,Sherita Duvall,SheritaDuvall7591@gmail.com,0
272,Margo Weyant,MargoWeyant0692@gmail.com,0
273,Lynell Lando,LynellLando8106@gmail.com,1
274,Loreen Morel,LoreenMorel1989@gmail.com,1
275,Beverley Tallon,BeverleyTallon3782@gmail.com,0
276,Karry Sudduth,KarrySudduth5100@gmail.com,0
277,Ocie Muntz,OcieMuntz1695@gmail.com,0
278,Valentina Nitti,ValentinaNitti1092@gmail.com,1
279,Cara Rakowski,CaraRakowski1097@gmail.com,1
280,Silas Chickering,SilasChickering2101@gmail.com,1
281,Marguerite Schuman,MargueriteSchuman2081@gmail.com,1
282,Thuy Decamp,ThuyDecamp9430@gmail.com,1
283,Maple Mcdorman,MapleMcdorman5160@gmail.com,0
284,Ian Reising,IanReising1886@gmail.com,1
285,Rufus Hanshaw,RufusHanshaw6825@gmail.com,1
286,Irma Encarnacion,IrmaEncarnacion2873@gmail.com,1
287,Major Shankles,MajorShankles0025@gmail.com,0
288,Dwight Mahn,DwightMahn0560@gmail.com,0
289,Leoma Mazzei,LeomaMazzei2034@gmail.com,1
290,Roscoe Lamore,RoscoeLamore3934@gmail.com,0
291,Latesha Marini,LateshaMarini8611@gmail.com,1
292,Mallory Segarra,MallorySegarra2903@gmail.com,1
293,Karin Bader,KarinBader5565@gmail.com,0
294,Torrie Harnois,TorrieHarnois1022@gmail.com,1
295,Parker Forrest,ParkerForrest2558@gmail.com,1
296,Jed Frazier,JedFrazier6088@gmail.com,1
297,Kimi Savard,KimiSavard3616@gmail.com,1
298,Lashay Franz,LashayFranz1318@gmail.com,1
299,Harvey Vick,HarveyVick5690@gmail.com,0
300,Adella Smithey,AdellaSmithey9192@gmail.com,0
